<?xml version="1.0" encoding="utf-8"?>
<!DOCTYPE hibernate-mapping PUBLIC 
    "-//Hibernate/Hibernate Mapping DTD 3.0//EN"
    "http://www.hibernate.org/dtd/hibernate-mapping-3.0.dtd">

<hibernate-mapping>
	<class name="modelo.Tarefa" table="tarefas">
	
		<id name="id" type="int" column="id">
			<generator class="native" />
		</id>

		<property name="usrId">
			<column name="usr_id" />
		</property>
		
		<property name="titulo">
			<column name="tarefa" />
		</property>
		
		<property name="descricao">
			<column name="descricao" />
		</property>
		
	</class>
</hibernate-mapping>