<?xml version="1.0" encoding="utf-8"?>
<!DOCTYPE hibernate-mapping PUBLIC 
    "-//Hibernate/Hibernate Mapping DTD 3.0//EN"
    "http://www.hibernate.org/dtd/hibernate-mapping-3.0.dtd">

<hibernate-mapping>
	<class name="modelo.Usuario" table="usuarios">
		<id name="id" type="int" column="id">
			<generator class="native" />
		</id>

		<property name="nome">
			<column name="primeiro_nome" />
		</property>
		<property name="sobrenome">
			<column name="ultimo_nome" />
		</property>
	</class>
</hibernate-mapping>